PLAYER NAME,TEAM,ROLE,MATCHES,NOT OUTs,RUNS,HIGHEST RUN,BATTING AVG,BALLS FACED,BATTING S.R,100s,50s,4s,6s,CATCHES,BALLS BOWLED,RUNS CONCEEDED,WICKETS,BEST BOWLING,BOWLING AVG,ECONOMY,BOWLING S.R
Glenn Maxwell,bengaluru,Batsman,89,11,1728,95,23.35,1127,153.32,0,8,139,101,33,558,804,19,2/15,42.31,8.64,29.36
AB de Villiers,bengaluru,Batsman,176,38,5056,133*,40.77,3318,152.38,3,40,406,245,111,0,0,0,0/0,-,-,-
Virat Kohli,bengaluru,Batsman,199,31,6076,113,37.97,4659,130.41,5,40,524,205,80,251,368,4,2/25,92,8.79,62.75
Devdutt Padikkal,bengaluru,Batsman,21,1,668,101*,33.4,507,131.75,1,5,73,17,10,0,0,0,0/0,-,-,-
Rajat Patidar,bengaluru,Bowler,4,0,71,31,17.75,62,114.51,0,0,3,3,1,0,0,0,0/0,-,-,-
Kyle Jamieson,bengaluru,Bowler,7,2,59,16*,19.66,41,143.9,0,0,5,3,2,144,221,9,3/1,24.55,9.2,16
Harshal Patel,bengaluru,Bowler,55,9,163,36*,10.86,117,139.31,0,0,8,11,13,1094,1606,63,5/27,25.49,8.8,17.36
Washington Sundar,bengaluru,Bowler,42,10,217,35,13.56,195,111.28,0,0,17,6,9,750,867,27,3/16,32.11,6.93,27.77
Shahbaz Ahmed,bengaluru,Bowler,7,1,24,14,8,24,100,0,0,1,1,5,66,76,6,3/7,12.66,6.9,11
Mohammed Siraj,bengaluru,Bowler,42,10,58,14,14.5,66,87.87,0,0,4,2,13,872,1275,45,4/1,28.33,8.77,19.37
Yuzvendra Chahal,bengaluru,Bowler,106,11,30,8*,5,72,41.66,0,0,0,0,23,2268,2913,125,4/25,23.3,7.7,18.14
Daniel Sams,bengaluru,Bowler,5,1,6,3*,3,8,75,0,0,0,0,3,108,153,1,1/24,153,8.5,108
Dan Christian,bengaluru,Bowler,43,9,449,39,16.03,382,117.53,0,0,22,19,23,813,1077,34,2/10,31.67,7.94,23.91
Navdeep Saini,bengaluru,Bowler,27,3,31,12*,10.33,35,88.57,0,0,3,0,5,574,803,17,2/24,47.23,8.39,33.76
Aaron Finch,bengaluru,Batsman,87,7,2005,88*,25.7,1570,127.7,0,14,204,75,27,43,67,1,1/11,67,9.34,43
Josh Philippe,bengaluru,Bowler,5,1,78,33,19.5,77,101.29,0,0,9,1,0,0,0,0,0/0,-,-,-
Gurkeerat Mann Singh,bengaluru,Batsman,41,8,511,65,21.29,422,121.09,0,2,55,11,18,78,97,5,2/15,19.4,7.46,15.6
Isuru Udana,bengaluru,Bowler,10,1,15,10*,5,11,136.36,0,0,1,1,3,174,282,8,2/1,35.25,9.72,21.75
Parthiv Patel,bengaluru,Batsman,139,11,2848,81,22.6,2358,120.78,0,13,365,49,69,0,0,0,0/0,-,-,-
Akshdeep Nath,bengaluru,Bowler,14,0,90,24,9,98,91.83,0,0,7,2,2,0,0,0,0/0,-,-,-
Colin de Grandhomme,bengaluru,Bowler,25,5,303,40,18.93,225,134.66,0,0,18,18,6,216,319,6,3/4,53.16,8.86,36
Umesh Yadav,bengaluru,Bowler,121,24,122,24*,8.71,128,95.31,0,0,11,4,30,2522,3579,119,4/24,30.07,8.51,21.19
Prayas Ray Barman,bengaluru,Bowler,1,0,19,19,19,24,79.16,0,0,2,0,0,24,56,0,0/56,-,14,-
Pawan Negi,bengaluru,Bowler,50,9,365,36,14.03,289,126.29,0,0,27,16,15,716,939,34,4/18,27.61,7.86,21.05
Tim Southee,bengaluru,Bowler,40,6,115,36*,14.37,90,127.77,0,0,8,4,17,888,1293,28,3/24,46.17,8.73,31.71
Brendon McCullum,bengaluru,Batsman,109,5,2880,158*,27.69,2186,131.74,2,13,293,130,37,0,0,0,0/0,-,-,-
Corey Anderson,bengaluru,Batsman,30,7,538,95*,24.45,423,127.18,0,3,40,31,11,297,518,11,2/18,47.09,10.46,27
Travis Head,bengaluru,Batsman,10,3,205,75*,29.28,148,138.51,0,1,12,8,2,48,81,2,2/1,40.5,10.12,24
Sreenath Aravind,bengaluru,Bowler,38,8,59,14*,14.75,57,103.5,0,0,7,0,8,760,1039,45,4/14,23.08,8.2,16.88
Aniket Choudhary,bengaluru,Batsman,5,2,25,15*,25,20,125,0,0,1,1,0,101,144,5,2/17,28.8,8.55,20.2
Vishnu Vinod,bengaluru,Bowler,3,0,19,9,6.33,26,73.07,0,0,1,1,0,0,0,0,0/0,-,-,-
Sachin Baby,bengaluru,Bowler,18,1,137,33,15.22,101,135.64,0,0,11,5,5,10,8,2,2/4,4,4.8,5
David Wiese,bengaluru,Batsman,15,4,127,47*,31.75,90,141.11,0,0,12,4,6,278,402,16,4/1,25.12,8.67,17.37
Manvinder Bisla,bengaluru,Batsman,39,1,798,92,21,702,113.67,0,4,93,23,21,0,0,0,0/0,-,-,-
Iqbal Abdulla,bengaluru,Batsman,49,11,88,33*,44,84,104.76,0,0,9,1,14,920,1109,40,3/24,27.72,7.23,23
Sean Abbott,bengaluru,Bowler,2,0,15,14,7.5,13,115.38,0,0,1,1,0,30,57,0,0/0,-,11.4,-
Rilee Rossouw,bengaluru,Bowler,5,0,53,24,10.6,51,103.92,0,0,3,3,2,0,0,0,0/0,-,-,-
Darren Sammy,bengaluru,Bowler,22,5,295,60,19.66,241,122.4,0,1,15,18,9,236,350,11,4/22,31.81,8.89,21.45
Mitchell Starc,bengaluru,Bowler,27,5,96,29,13.71,98,97.95,0,0,10,0,16,580,693,34,4/15,20.38,7.16,17.05
Abu Nechim,bengaluru,Bowler,10,3,14,5*,14,6,233.33,0,0,3,0,1,212,303,7,2/27,43.28,8.57,30.28
Yogesh Takawale,bengaluru,Batsman,5,0,104,45,20.8,91,114.28,0,0,17,1,2,0,0,0,0/0,-,-,-
Sachin Rana,bengaluru,Batsman,11,4,91,19*,22.75,81,112.34,0,0,9,1,3,16,18,0,0/0,-,6.75,-
Varun Aaron,bengaluru,Bowler,50,8,50,17*,10,72,69.44,0,0,2,2,3,964,1429,42,3/16,34.02,8.89,22.95
Vijay Zol,bengaluru,Bowler,3,0,29,16,14.5,26,111.53,0,0,3,1,0,0,0,0,0/0,-,-,-
Nic Maddinson,bengaluru,Bowler,3,0,20,12,6.66,21,95.23,0,0,4,0,1,0,0,0,0/0,-,-,-
Ravi Rampaul,bengaluru,Bowler,12,2,51,23*,10.2,50,102,0,0,3,2,4,262,298,14,3/31,21.28,6.82,18.71
Tillakaratne Dilshan,bengaluru,Batsman,52,7,1153,76*,26.81,1007,114.49,0,9,140,24,22,271,366,5,1/3,73.2,8.1,54.2
Vinay Kumar,bengaluru,Bowler,105,18,310,26*,11.07,274,113.13,0,0,21,9,38,2121,2966,105,4/1,28.24,8.39,20.2
Arun Karthik,bengaluru,Bowler,17,3,51,19*,10.2,51,100,0,0,4,1,11,0,0,0,0/0,-,-,-
ChrisGayle,bengaluru,Batsman,140,16,4950,175*,40.24,3312,149.45,6,31,404,357,28,554,729,18,3/21,40.5,7.89,30.77
Andrew McDonald,bengaluru,Batsman,11,4,123,33*,24.6,100,123,0,0,9,4,0,186,261,11,2/25,23.72,8.41,16.9
Daniel Vettori,bengaluru,Bowler,34,9,121,29,15.12,113,107.07,0,0,11,2,11,777,879,28,3/15,31.39,6.78,27.75
Mohammad Kaif,bengaluru,Bowler,29,4,259,34*,14.38,250,103.6,0,0,22,6,16,0,0,0,0/0,-,-,-
Asad Pathan,bengaluru,Bowler,8,2,39,14,7.8,23,169.56,0,0,5,2,2,39,63,0,0/0,-,9.69,-
Abhimanyu Mithun,bengaluru,Bowler,16,3,34,11,6.8,26,130.76,0,0,4,1,7,288,472,7,2/1,67.42,9.83,41.14
Sridharan Sriram,bengaluru,Bowler,2,0,31,27,15.5,36,86.11,0,0,3,0,0,18,49,0,0/24,-,16.33,-
Mark Boucher,bengaluru,Batsman,31,10,394,50*,28.14,309,127.5,0,1,32,13,14,0,0,0,0/0,-,-,-
Roelof van der Merwe,bengaluru,Bowler,21,4,159,35,14.45,141,112.76,0,0,11,8,8,443,498,21,3/20,23.71,6.74,21.09
Rajesh Bishnoi,bengaluru,Bowler,3,0,19,18,6.33,17,111.76,0,0,1,2,1,0,0,0,0/0,-,-,-
Balachandra Akhil,bengaluru,Bowler,15,5,76,27*,12.66,55,138.18,0,0,5,5,4,188,242,6,2/17,40.33,7.72,31.33
Anil Kumble,bengaluru,Bowler,42,14,35,8,11.66,47,74.46,0,0,3,0,10,965,1058,45,5/5,23.51,6.57,21.44
Wasim Jaffer,bengaluru,Bowler,8,0,130,50,16.25,121,107.43,0,1,14,3,4,0,0,0,0/0,-,-,-
Misbah-ul-Haq,bengaluru,Bowler,8,1,117,47*,16.71,81,144.44,0,0,10,6,1,0,0,0,0/0,-,-,-
Faf du Plessis,chennai,Batsman,91,9,2622,96,34.96,2001,131.03,0,20,234,86,59,6,16,0,0/0,-,16,-
Moeen Ali,chennai,Batsman,25,2,515,66,24.52,326,157.97,0,4,43,35,6,331,382,15,3/7,25.46,6.92,22.06
Ruturaj Gaikwad,chennai,Batsman,13,2,400,75,36.36,321,124.61,0,5,41,11,7,0,0,0,0/0,-,-,-
Ambati Rayudu,chennai,Batsman,166,28,3795,100*,29.64,2970,127.77,1,20,314,145,56,18,22,0,0/0,-,7.33,-
Ravindra Jadeja,chennai,Batsman,191,59,2290,62*,26.62,1788,128.07,0,2,168,82,76,2857,3631,120,5/16,30.25,7.62,23.8
Suresh Raina,chennai,Batsman,200,29,5491,100*,33.07,4011,136.89,1,39,502,202,103,908,1118,25,2/1,44.72,7.38,36.32
Sam Curran,chennai,Batsman,30,8,333,55*,23.78,221,150.67,0,2,30,18,10,600,884,32,4/11,27.62,8.84,18.75
MS Dhoni,chennai,Batsman,211,70,4669,84*,40.25,3417,136.64,0,23,317,217,118,0,0,0,0/0,-,-,-
Dwayne Bravo,chennai,Batsman,144,39,1510,70*,22.87,1170,129.05,0,5,118,62,76,2778,3882,156,4/22,24.88,8.38,17.8
Shane Watson,chennai,Batsman,145,16,3874,117*,30.99,2809,137.91,4,21,376,190,40,2029,2682,92,4/29,29.15,7.93,22.05
Narayan Jagadeesan,chennai,Bowler,5,0,33,33,16.5,29,113.79,0,0,4,0,0,0,0,0,0/0,-,-,-
Murali Vijay,chennai,Batsman,106,5,2619,127,25.93,2149,121.87,2,13,247,91,47,36,49,0,0/0,-,8.16,-
Imran Tahir,chennai,Bowler,59,5,33,13*,8.25,37,89.18,0,0,5,0,13,1316,1703,82,4/12,20.76,7.76,16.04
Shardul Thakur,chennai,Bowler,52,4,49,15*,7,43,113.95,0,0,5,1,17,1056,1607,51,3/19,31.5,9.13,20.7
Mitchell Santner,chennai,Batsman,6,1,32,22,32,23,139.13,0,0,0,3,2,126,147,6,2/13,24.5,7,21
Sam Billings,chennai,Bowler,22,0,334,56,17.57,250,133.6,0,3,31,10,13,0,0,0,0/0,-,-,-
Deepak Chahar,chennai,Bowler,55,4,78,39,11.14,56,139.28,0,0,2,6,8,1144,1464,53,4/13,27.62,7.67,21.58
Michael Hussey,chennai,Batsman,59,7,1977,116*,38.76,1612,122.64,1,15,198,52,27,0,0,0,0/0,-,-,-
David Hussey,chennai,Batsman,64,12,1322,71,26.97,1075,122.97,0,5,90,60,25,317,474,8,2/2,59.25,8.97,39.62
Mithun Manhas,chennai,Batsman,55,15,514,42*,22.34,470,109.36,0,0,43,10,20,42,42,0,0/0,-,6,-
MichaelHussey,chennai,Batsman,59,7,1977,116*,38.76,1612,122.64,1,15,198,52,27,0,0,0,0/0,-,-,-
Subramaniam Badrinath,chennai,Batsman,95,20,1441,71*,30.65,1212,118.89,0,11,154,28,16,0,0,0,0/0,-,-,-
Srikkanth Anirudha,chennai,Bowler,20,5,136,64,17,113,120.35,0,1,9,7,11,0,0,0,0/0,-,-,-
Matthew Hayden,chennai,Batsman,32,2,1107,93,36.9,805,137.51,0,8,121,44,11,0,0,0,0/0,-,-,-
JM Kemp,chennai,Bowler,5,0,26,22,13,24,108.33,0,0,1,1,1,44,54,3,3/12,18,7.36,14.66
MatthewHayden,chennai,Batsman,32,2,1107,93,36.9,805,137.51,0,8,121,44,11,0,0,0,0/0,-,-,-
Jacob Oram,chennai,Bowler,18,4,106,41*,13.25,108,98.14,0,0,6,5,8,225,336,9,3/1,37.33,8.96,25
Andrew Flintoff,chennai,Batsman,3,1,62,24,31,53,116.98,0,0,5,2,4,66,105,2,1/11,52.5,9.54,33
Joginder Sharma,chennai,Bowler,16,2,36,16*,9,30,120,0,0,1,2,5,256,419,12,2/27,34.91,9.82,21.33
Shadab Jakati,chennai,Batsman,59,7,28,13,28,29,96.55,0,0,3,0,21,1085,1450,47,4/22,30.85,8.01,23.08
Vidyut Sivaramakrishnan,chennai,Bowler,9,0,145,54,18.12,109,133.02,0,1,21,3,1,12,22,1,1/22,22,11,12
Stephen Fleming,chennai,Batsman,10,1,196,45,21.77,164,119.51,0,0,27,3,2,0,0,0,0/0,-,-,-
Shikhar Dhawan,delhi,Batsman,184,25,5577,106*,35.29,4379,127.35,2,44,634,116,82,48,66,4,1/7,16.5,8.25,12
Prithvi Shaw,delhi,Batsman,46,0,1134,99,24.65,776,146.13,0,9,136,39,10,0,0,0,0/0,-,-,-
Rishabh Pant,delhi,Batsman,76,11,2292,128*,35.26,1530,149.8,1,14,208,107,50,0,0,0,0/0,-,-,-
Steve Smith,delhi,Batsman,101,21,2437,101,34.81,1898,128.39,1,11,221,59,51,2,5,0,0/0,-,15,-
Shimron Hetmyer,delhi,Batsman,23,8,359,75,25.64,239,150.2,0,2,20,25,11,0,0,0,0/0,-,-,-
Marcus Stoinis,delhi,Batsman,54,16,896,65,28,650,137.84,0,4,75,35,12,605,961,30,4/15,32.03,9.53,20.16
Lalit Yadav,delhi,Batsman,5,2,54,22*,54,55,98.18,0,0,6,0,4,66,66,3,2/13,22,6,22
Tom Curran,delhi,Batsman,12,4,127,54*,25.4,106,119.81,0,1,10,3,2,216,401,10,2/19,40.1,11.13,21.6
Chris Woakes,delhi,Bowler,21,6,78,18,13,77,101.29,0,0,7,2,7,440,658,30,3/6,21.93,8.97,14.66
Kagiso Rabada,delhi,Bowler,42,6,134,44,13.4,132,101.51,0,0,10,4,18,960,1332,69,4/21,19.3,8.32,13.91
Ajinkya Rahane,delhi,Batsman,151,16,3941,105*,31.52,3248,121.33,2,28,417,76,59,6,5,1,1/5,5,5,6
Ravichandran Ashwin,delhi,Bowler,159,20,419,45,10.74,377,111.14,0,0,36,11,34,3344,3848,139,4/1,27.68,6.9,24.05
Shreyas Iyer,delhi,Batsman,79,9,2200,96,31.42,1745,126.07,0,16,189,83,28,0,0,0,0/0,-,-,-
Axar Patel,delhi,Bowler,101,22,913,44,18.26,715,127.69,0,0,53,43,40,2115,2568,86,4/21,29.86,7.28,24.59
Alex Carey,delhi,Bowler,3,1,32,14*,16,29,110.34,0,0,0,1,2,0,0,0,0/0,-,-,-
Tushar Deshpande,delhi,Batsman,5,1,21,20*,21,12,175,0,0,2,1,1,102,192,3,2/1,64,11.29,34
Colin Ingram,delhi,Bowler,15,3,205,47,17.08,180,113.88,0,0,22,5,1,0,0,0,0/0,-,-,-
Colin Munro,delhi,Bowler,13,0,177,40,14.75,141,125.53,0,0,19,8,4,12,15,0,0/0,-,7.5,-
Sherfane Rutherford,delhi,Bowler,7,2,73,28*,14.6,54,135.18,0,0,2,7,5,41,59,1,1/6,59,8.63,41
Amit Mishra,delhi,Bowler,154,25,362,31,11.67,389,93.05,0,0,29,5,23,3245,3980,166,5/17,23.97,7.35,19.54
Keemo Paul,delhi,Bowler,8,1,18,7,3.6,24,75,0,0,1,1,5,163,237,9,3/17,26.33,8.72,18.11
Ishant Sharma,delhi,Bowler,93,19,55,10*,9.16,61,90.16,0,0,4,2,17,2003,2703,73,5/12,37.02,8.09,27.43
Jason Roy,delhi,Batsman,8,2,179,91*,29.83,134,133.58,0,1,18,8,5,0,0,0,0/0,-,-,-
Gautam Gambhir,delhi,Batsman,154,17,4217,93,31.23,3404,123.88,0,36,491,59,28,0,0,0,0/0,-,-,-
Angelo Mathews,delhi,Batsman,49,11,724,65*,23.35,575,125.91,0,1,44,29,19,791,1079,27,4/19,39.96,8.18,29.29
Marlon Samuels,delhi,Bowler,15,1,161,46,12.38,172,93.6,0,0,9,7,2,214,284,9,3/1,31.55,7.96,23.77
Aditya Tare,delhi,Bowler,35,4,339,59,14.12,273,124.17,0,1,40,11,3,0,0,0,0/0,-,-,-
Albie Morkel,delhi,Batsman,91,28,974,73*,24.35,686,141.98,0,3,61,55,19,1723,2355,85,4/1,27.7,8.2,20.27
Kevin Pietersen,delhi,Batsman,36,9,1001,103*,37.07,743,134.72,1,4,91,40,12,174,215,7,2/1,30.71,7.41,24.85
Ross Taylor,delhi,Batsman,55,14,1017,81*,25.42,822,123.72,0,3,66,46,18,12,24,0,0/0,-,12,-
Laxmi Ratan Shukla,delhi,Bowler,47,7,405,48*,15,350,115.71,0,0,33,16,14,314,447,15,3/6,29.8,8.54,20.93
Rahul Shukla,delhi,Bowler,7,3,19,14,19,23,82.6,0,0,2,0,3,120,208,5,2/28,41.6,10.4,24
Mahela Jayawardene,delhi,Batsman,80,15,1802,110*,28.6,1462,123.25,1,10,200,39,32,0,0,0,0/0,-,-,-
Ben Rohrer,delhi,Batsman,8,2,193,64*,32.16,140,137.85,0,1,21,5,3,6,12,0,0/0,-,12,-
Manpreet Juneja,delhi,Bowler,7,0,125,49,17.85,128,97.65,0,0,11,1,0,0,0,0,0/0,-,-,-
Morne Morkel,delhi,Bowler,70,12,126,23*,11.45,90,140,0,0,11,5,11,1629,2089,77,4/20,27.12,7.69,21.15
Yogesh Nagar,delhi,Batsman,26,6,284,43*,20.28,259,109.65,0,0,20,9,6,66,125,4,2/20,31.25,11.36,16.5
James Hopes,delhi,Batsman,21,3,417,71,26.06,306,136.27,0,4,49,11,6,360,548,14,2/2,39.14,9.13,25.71
Travis Birt,delhi,Bowler,5,0,75,27,15,58,129.31,0,0,9,2,0,0,0,0,0/0,-,-,-
Paul Collingwood,delhi,Batsman,8,2,203,75*,40.6,156,130.12,0,3,9,13,4,89,101,5,2/19,20.2,6.8,17.8
MF Maharoof,delhi,Bowler,20,4,177,39,17.7,123,143.9,0,0,12,9,4,420,520,27,3/1,19.25,7.42,15.55
Ashish Nehra,delhi,Bowler,88,15,41,22*,5.85,62,66.12,0,0,3,1,22,1908,2495,106,4/10,23.53,7.84,18
Jonny Bairstow,hyderabad,Batsman,28,3,1038,114,41.52,730,142.19,1,7,99,46,18,0,0,0,0/0,-,-,-
David Warner,hyderabad,Batsman,148,19,5447,126,42.22,3887,140.13,4,50,525,201,68,1,2,0,0/0,-,12,-
Manish Pandey,hyderabad,Batsman,151,26,3461,114*,30.35,2842,121.78,1,20,300,101,74,0,0,0,0/0,-,-,-
Kane Williamson,hyderabad,Batsman,57,14,1747,89,41.59,1302,134.17,0,16,150,55,23,18,31,0,0/0,-,10.33,-
Vijay Shankar,hyderabad,Batsman,47,12,712,63*,26.37,564,126.24,0,3,45,28,21,229,329,9,2/19,36.55,8.62,25.44
Kedar Jadhav,hyderabad,Batsman,91,26,1181,69,22.71,951,124.18,0,4,101,40,30,0,0,0,0/0,-,-,-
Abdul Samad,hyderabad,Bowler,16,4,147,33,18.37,91,161.53,0,0,9,9,8,42,96,1,1/1,96,13.71,42
Mohammad Nabi,hyderabad,Bowler,16,2,177,31,16.09,115,153.91,0,0,16,9,6,325,375,13,4/11,28.84,6.92,25
Bhuvneshwar Kumar,hyderabad,Bowler,126,21,200,24*,7.69,208,96.15,0,0,19,3,27,2811,3426,139,5/19,24.64,7.31,20.22
Rashid Khan,hyderabad,Bowler,69,9,156,34*,7.8,106,147.16,0,0,9,12,20,1644,1709,85,3/7,20.1,6.23,19.34
Virat Singh,hyderabad,Bowler,3,0,15,11,7.5,26,57.69,0,0,1,0,2,0,0,0,0/0,-,-,-
Jagadeesha Suchith,hyderabad,Batsman,17,6,68,34*,34,53,128.3,0,0,6,3,9,312,462,12,2/14,38.5,8.88,26
Wriddhiman Saha,hyderabad,Batsman,126,22,1987,115*,25.15,1514,131.24,1,8,184,65,65,0,0,0,0/0,-,-,-
Sandeep Sharma,hyderabad,Bowler,95,19,52,9,10.4,63,82.53,0,0,4,0,11,2120,2755,110,4/20,25.04,7.79,19.27
Abhishek Sharma,hyderabad,Bowler,17,5,150,46*,15,108,138.88,0,0,10,8,4,108,155,5,2/24,31,8.61,21.6
Jason Holder,hyderabad,Bowler,19,2,108,26*,13.5,89,121.34,0,0,9,5,5,408,569,22,3/25,25.86,8.36,18.54
Priyam Garg,hyderabad,Bowler,14,1,133,51*,14.77,111,119.81,0,1,9,4,6,0,0,0,0/0,-,-,-
DavidWarner,hyderabad,Batsman,148,19,5447,126,42.22,3887,140.13,4,50,525,201,68,1,2,0,0/0,-,12,-
Martin Guptill,hyderabad,Batsman,13,1,270,50*,22.5,196,137.75,0,1,24,15,7,0,0,0,0/0,-,-,-
Yusuf Pathan,hyderabad,Batsman,174,44,3204,100,29.12,2241,142.97,1,13,262,158,43,1147,1415,42,3/20,33.69,7.4,27.3
KaneWilliamson,hyderabad,Batsman,57,14,1747,89,41.59,1302,134.17,0,16,150,55,23,18,31,0,0/0,-,10.33,-
Alex Hales,hyderabad,Batsman,6,0,148,45,24.66,118,125.42,0,0,13,6,2,0,0,0,0/0,-,-,-
Shreevats Goswami,hyderabad,Bowler,31,1,293,52,14.65,295,99.32,0,1,32,3,17,0,0,0,0/0,-,-,-
Naman Ojha,hyderabad,Batsman,113,19,1554,94*,20.72,1313,118.35,0,6,121,79,64,0,0,0,0/0,-,-,-
Bipul Sharma,hyderabad,Batsman,33,9,187,35*,23.37,123,152.03,0,0,11,9,7,426,572,17,2/13,33.64,8.05,25.05
Ravi Bopara,hyderabad,Batsman,24,4,531,84,29.5,453,117.21,0,3,39,16,7,206,292,11,3/31,26.54,8.5,18.72
Ashish Reddy,hyderabad,Bowler,31,9,280,36*,18.66,193,145.07,0,0,16,15,9,244,364,17,3/25,21.41,8.95,14.35
Hanuma Vihari,hyderabad,Bowler,24,3,284,46,14.2,321,88.47,0,0,23,1,6,42,47,1,1/5,47,6.71,42
Dale Steyn,hyderabad,Bowler,95,15,167,19*,7.59,160,104.37,0,0,14,3,24,2176,2508,97,3/8,25.85,6.91,22.43
Praveen Kumar,hyderabad,Bowler,119,21,344,34,9.05,315,109.2,0,0,23,17,12,2524,3251,90,3/18,36.12,7.72,28.04
Venugopal Rao,hyderabad,Batsman,65,10,985,71*,22.38,836,117.82,0,3,77,37,14,216,337,6,2/23,56.16,9.36,36
Irfan Pathan,hyderabad,Batsman,103,29,1139,60,21.49,946,120.4,0,1,87,37,31,2043,2649,80,3/24,33.11,7.77,25.53
Cameron White,hyderabad,Batsman,47,9,954,78,26.5,755,126.35,0,6,76,36,22,42,86,1,1/14,86,12.28,42
Biplap Samantray,hyderabad,Batsman,9,3,125,55,25,113,110.61,0,1,13,2,3,0,0,0,0/0,-,-,-
Kumar Sangakkara,hyderabad,Batsman,71,3,1687,94,25.95,1392,121.19,0,10,195,27,45,0,0,0,0/0,-,-,-
Akshath Reddy,hyderabad,Bowler,12,0,164,42,16.4,160,102.5,0,0,15,2,2,18,32,1,1/1,32,10.66,18
Nitish Rana,kolkata,Batsman,67,4,1638,87,28.24,1224,133.82,0,13,148,81,13,103,142,7,2/11,20.28,8.27,14.71
Rahul Tripathi,kolkata,Batsman,52,5,1175,93,25.54,871,134.9,0,6,116,41,19,6,12,0,0/0,-,12,-
Andre Russell,kolkata,Batsman,81,11,1680,88*,29.47,937,179.29,0,9,117,142,24,1207,1827,68,5/15,26.86,9.08,17.75
Shubman Gill,kolkata,Batsman,48,10,1071,76,30.6,862,124.24,0,7,101,29,19,0,0,0,0/0,-,-,-
Dinesh Karthik,kolkata,Batsman,203,33,3946,97*,26.13,3038,129.88,0,19,390,109,121,0,0,0,0/0,-,-,-
Pat Cummins,kolkata,Bowler,37,10,316,66*,19.75,225,140.44,0,2,19,20,7,834,1145,38,4/1,30.13,8.23,21.94
Eoin Morgan,kolkata,Batsman,73,10,1364,68*,24.35,1089,125.25,0,5,111,62,33,0,0,0,0/0,-,-,-
Shakib Al Hasan,kolkata,Batsman,66,11,784,66*,20.63,628,124.84,0,2,72,21,12,1388,1733,61,3/17,28.4,7.49,22.75
Sunil Narine,kolkata,Bowler,124,13,902,75,15.82,558,161.64,0,4,105,52,20,2882,3259,130,5/19,25.06,6.78,22.16
Shivam Mavi,kolkata,Bowler,20,2,28,9,4.66,36,77.77,0,0,3,0,8,378,539,16,2/15,33.68,8.55,23.62
Harbhajan Singh,kolkata,Bowler,163,37,833,64,15.71,604,137.91,0,1,79,42,49,3416,4030,150,5/18,26.86,7.07,22.77
Lockie Ferguson,kolkata,Bowler,14,3,44,24*,0,30,146.66,0,0,4,1,0,299,424,11,3/15,38.54,8.5,27.18
Kamlesh Nagarkoti,kolkata,Bowler,11,3,22,8*,5.5,33,66.66,0,0,1,0,4,168,256,5,2/13,51.2,9.14,33.6
Tom Banton,kolkata,Bowler,2,0,18,10,9,20,90,0,0,1,1,0,0,0,0,0/0,-,-,-
Kuldeep Yadav,kolkata,Bowler,45,5,57,16,9.5,75,76,0,0,5,0,11,896,1236,40,4/20,30.9,8.27,22.4
Rinku Singh,kolkata,Bowler,11,1,77,30,11,76,101.31,0,0,6,2,6,0,0,0,0/0,-,-,-
Piyush Chawla,kolkata,Bowler,164,32,584,24*,11.91,524,111.45,0,0,54,18,40,3250,4263,156,4/17,27.32,7.87,20.83
Carlos Brathwaite,kolkata,Bowler,16,1,181,43*,13.92,111,163.06,0,0,10,16,5,254,375,13,3/1,28.84,8.85,19.53
Mitchell Johnson,kolkata,Bowler,54,17,167,16*,12.84,164,101.82,0,0,10,7,15,1232,1702,61,3/26,27.9,8.28,20.19
Sheldon Jackson,kolkata,Bowler,4,1,38,16,19,31,122.58,0,0,5,0,2,0,0,0,0/0,-,-,-
Ishank Jaggi,kolkata,Bowler,7,2,76,28,15.2,97,78.35,0,0,6,0,2,0,0,0,0/0,-,-,-
Ryan ten Doeschate,kolkata,Batsman,29,8,326,70*,23.28,235,138.72,0,1,26,15,8,78,94,2,1/7,47,7.23,39
Johan Botha,kolkata,Batsman,34,8,409,67*,20.45,359,113.92,0,1,39,5,18,694,800,25,3/6,32,6.91,27.76
RobinUthappa,kolkata,Batsman,189,17,4607,87,27.92,3544,129.99,0,24,454,163,87,0,0,0,0/0,-,-,-
Jacques Kallis,kolkata,Batsman,98,11,2427,89*,28.55,2222,109.22,0,17,255,44,31,1742,2293,65,3/13,35.27,7.89,26.8
Debabrata Das,kolkata,Batsman,31,8,304,35*,21.71,261,116.47,0,0,23,16,7,0,0,0,0/0,-,-,-
Brett Lee,kolkata,Bowler,38,9,124,25,12.4,97,127.83,0,0,8,8,10,875,1095,25,3/15,43.8,7.5,35
Ajit Agarkar,kolkata,Bowler,42,12,179,39,17.9,154,116.23,0,0,13,5,5,782,1151,29,3/25,39.68,8.83,26.96
Murali Kartik,kolkata,Bowler,56,9,113,21,16.14,108,104.62,0,0,7,1,20,1149,1388,31,3/17,44.77,7.24,37.06
Yashpal Singh,kolkata,Bowler,8,0,47,20,11.75,66,71.21,0,0,5,0,3,0,0,0,0/0,-,-,-
Aakash Chopra,kolkata,Bowler,7,0,53,24,8.83,71,74.64,0,0,7,0,2,0,0,0,0/0,-,-,-
Umar Gul,kolkata,Bowler,6,1,39,24,13,19,205.26,0,0,1,5,0,135,184,12,4/23,15.33,8.17,11.25
Salman Butt,kolkata,Batsman,7,0,193,73,27.57,161,119.87,0,1,30,2,2,0,0,0,0/0,-,-,-
Mohammad Hafeez,kolkata,Bowler,8,1,20,13,10,22,90.9,0,0,2,1,1,30,24,1,1/8,24,4.8,30
Rohit Sharma,mumbai,Batsman,207,28,5480,109*,31.49,4199,130.5,1,40,476,224,89,338,449,15,4/6,29.93,7.97,22.53
Suryakumar Yadav,mumbai,Batsman,108,19,2197,79*,29.68,1624,135.28,0,12,243,63,54,6,8,0,0/0,-,8,-
Kieron Pollard,mumbai,Batsman,171,50,3191,87*,30.68,2115,150.87,0,16,207,211,92,1368,2014,63,4/1,31.96,8.83,21.71
Quinton de Kock,mumbai,Batsman,72,5,2114,108,31.55,1599,132.2,1,15,216,79,51,0,0,0,0/0,-,-,-
Krunal Pandya,mumbai,Batsman,78,21,1100,86,23.91,778,141.38,0,1,103,44,26,1347,1636,49,3/14,33.38,7.28,27.48
Ishan Kishan,mumbai,Batsman,56,4,1284,99,27.31,973,131.96,0,7,103,66,16,0,0,0,0/0,-,-,-
Hardik Pandya,mumbai,Batsman,87,29,1401,91,27.47,891,157.23,0,4,91,95,50,869,1313,42,3/20,31.26,9.06,20.69
Chris Lynn,mumbai,Batsman,42,3,1329,93*,34.07,945,140.63,0,10,132,66,12,0,0,0,0/0,-,-,-
Jayant Yadav,mumbai,Bowler,17,1,29,23,9.66,32,90.62,0,0,1,0,5,330,371,7,1/8,53,6.74,47.14
Rahul Chahar,mumbai,Bowler,38,4,31,10,6.2,30,103.33,0,0,3,0,10,810,1001,41,4/27,24.41,7.41,19.75
Jasprit Bumrah,mumbai,Bowler,99,13,44,16*,11,47,93.61,0,0,2,1,11,2254,2777,115,4/14,24.14,7.39,19.6
Saurabh Tiwary,mumbai,Batsman,88,19,1379,61,27.58,1147,120.22,0,7,101,48,24,0,0,0,0/0,-,-,-
Nathan Coulter-Nile,mumbai,Bowler,34,5,77,24*,7.7,65,118.46,0,0,7,4,10,743,960,41,4/20,23.41,7.75,18.12
James Pattinson,mumbai,Bowler,10,1,15,11,15,13,115.38,0,0,2,0,2,213,320,11,2/19,29.09,9.01,19.36
Yuvraj Singh,mumbai,Batsman,132,15,2750,83,24.77,2120,129.71,0,13,217,149,34,869,1077,36,4/29,29.91,7.43,24.13
Evin Lewis,mumbai,Batsman,16,0,430,65,26.87,328,131.09,0,2,36,26,6,0,0,0,0/0,-,-,-
Ben Cutting,mumbai,Batsman,21,6,238,39*,21.63,141,168.79,0,0,15,19,10,281,429,10,2/20,42.9,9.16,28.1
Alzarri Joseph,mumbai,Bowler,3,2,15,15*,0,13,115.38,0,0,2,0,1,52,87,6,6/12,14.5,10.03,8.66
Siddhesh Lad,mumbai,Bowler,1,0,15,15,15,13,115.38,0,0,1,1,0,0,0,0,0/0,-,-,-
Mitchell McClenaghan,mumbai,Bowler,56,11,85,20,6.53,70,121.42,0,0,5,7,1,1274,1803,71,4/21,25.39,8.49,17.94
JP Duminy,mumbai,Batsman,83,26,2029,78*,39.78,1636,124.02,0,14,126,79,30,678,834,23,4/17,36.26,7.38,29.47
Mayank Markande,mumbai,Bowler,17,5,27,7*,9,29,93.1,0,0,3,0,3,300,427,16,4/23,26.68,8.54,18.75
Lendl Simmons,mumbai,Batsman,29,2,1079,100*,39.96,852,126.64,1,11,109,44,10,18,34,1,1/1,34,11.33,18
Karn Sharma,mumbai,Bowler,67,14,316,39*,15.8,271,116.6,0,0,18,14,14,1222,1610,59,4/16,27.28,7.9,20.71
Unmukt Chand,mumbai,Bowler,21,0,300,58,15,300,100,0,1,32,9,8,0,0,0,0/0,-,-,-
Chidhambaram Gautam,mumbai,Bowler,13,3,169,33,16.9,150,112.66,0,0,17,6,3,0,0,0,0/0,-,-,-
Ben Dunk,mumbai,Bowler,3,0,40,20,13.33,35,114.28,0,0,7,0,3,0,0,0,0/0,-,-,-
Zaheer Khan,mumbai,Bowler,100,18,117,23*,8.35,141,82.97,0,0,11,2,22,2200,2782,102,4/17,27.27,7.58,21.56
Sachin Tendulkar,mumbai,Batsman,78,11,2334,100*,34.83,1948,119.81,1,13,295,29,23,36,58,0,0/0,-,9.66,-
Ricky Ponting,mumbai,Bowler,10,0,91,28,10.11,128,71.09,0,0,5,2,4,0,0,0,0/0,-,-,-
James Franklin,mumbai,Batsman,20,5,327,79,29.72,301,108.63,0,1,25,8,6,151,220,9,2/18,24.44,8.74,16.77
Richard Levi,mumbai,Bowler,6,0,83,50,13.83,73,113.69,0,1,10,4,2,0,0,0,0/0,-,-,-
Herschelle Gibbs,mumbai,Batsman,36,4,886,69*,27.68,807,109.78,0,6,83,31,22,0,0,0,0/0,-,-,-
Lasith Malinga,mumbai,Bowler,122,9,88,17,5.5,99,88.88,0,0,6,5,21,2827,3366,170,5/13,19.8,7.14,16.62
Robin Peterson,mumbai,Bowler,5,2,32,16*,10.66,30,106.66,0,0,3,1,1,48,70,3,3/1,23.33,8.75,16
Andrew Symonds,mumbai,Batsman,39,9,974,117*,36.07,750,129.86,1,5,74,41,21,527,674,20,3/21,33.7,7.67,26.35
Aiden Blizzard,mumbai,Bowler,7,0,120,51,17.14,90,133.33,0,1,21,2,4,0,0,0,0/0,-,-,-
Davy Jacobs,mumbai,Bowler,7,0,92,32,13.14,98,93.87,0,0,10,4,3,0,0,0,0/0,-,-,-
SachinTendulkar,mumbai,Batsman,78,11,2334,100*,34.83,1948,119.81,1,13,295,29,23,36,58,0,0/0,-,9.66,-
Sanath Jayasuriya,mumbai,Batsman,30,2,772,114*,27.57,532,145.11,1,4,85,39,4,294,390,13,3/14,30,7.95,22.61
Pinal Shah,mumbai,Bowler,16,2,92,29,11.5,91,101.09,0,0,9,2,10,0,0,0,0/0,-,-,-
Graham Napier,mumbai,Bowler,1,0,15,15,15,16,93.75,0,0,1,0,0,24,27,1,1/27,27,6.75,24
Rohan Raje,mumbai,Batsman,10,4,20,11*,20,18,111.11,0,0,1,1,3,139,209,6,2/16,34.83,9.02,23.16
SanathJayasuriya,mumbai,Batsman,30,2,772,114*,27.57,532,145.11,1,4,85,39,4,294,390,13,3/14,30,7.95,22.61
Shaun Pollock,mumbai,Bowler,13,0,147,33,18.37,111,132.43,0,0,12,8,2,276,301,11,3/12,27.36,6.54,25.09
Dominic Thornely,mumbai,Bowler,6,2,39,30,19.5,53,73.58,0,0,2,2,3,42,40,3,2/7,13.33,5.71,14
Musavir Khote,mumbai,Bowler,4,1,24,9,12,22,109.09,0,0,2,1,0,30,51,2,2/1,25.5,10.2,15
Luke Ronchi,mumbai,Bowler,5,0,34,13,6.8,34,100,0,0,6,1,4,0,0,0,0/0,-,-,-
KL Rahul,punjab,Batsman,88,15,2978,132*,46.53,2192,135.85,2,25,261,120,44,0,0,0,0/0,-,-,-
Mayank Agarwal,punjab,Batsman,95,4,1950,106,22.67,1443,135.13,1,9,185,78,37,0,0,0,0/0,-,-,-
Chris Gayle,punjab,Batsman,140,16,4950,175*,40.24,3312,149.45,6,31,404,357,28,554,729,18,3/21,40.5,7.89,30.77
Deepak Hooda,punjab,Bowler,76,14,741,64,17.23,564,131.38,0,3,39,37,30,313,421,9,2/16,46.77,8.07,34.77
Shahrukh Khan,punjab,Batsman,8,2,107,47,21.4,84,127.38,0,0,7,6,3,0,0,0,0/0,-,-,-
Chris Jordan,punjab,Bowler,23,2,64,30,9.14,57,112.28,0,0,3,3,9,441,678,23,4/11,29.47,9.22,19.17
Harpreet Brar,punjab,Bowler,5,3,49,25*,0,31,158.06,0,0,4,3,1,96,127,4,3/19,31.75,7.93,24
Nicholas Pooran,punjab,Batsman,28,4,549,77,24.95,348,157.75,0,2,35,40,11,0,0,0,0/0,-,-,-
Dawid Malan,punjab,Batsman,1,0,26,26,26,26,100,0,0,1,1,1,0,0,0,0/0,-,-,-
Prabhsimran Singh,punjab,Bowler,5,0,50,16,10,55,90.9,0,0,4,2,2,0,0,0,0/0,-,-,-
Moises Henriques,punjab,Batsman,60,16,985,74*,27.36,776,126.93,0,5,87,27,28,920,1268,39,3/16,32.51,8.26,23.58
Jhye Richardson,punjab,Bowler,3,0,15,15,7.5,24,62.5,0,0,2,0,1,66,117,3,2/1,39,10.63,22
Murugan Ashwin,punjab,Bowler,34,2,23,9,3.83,36,63.88,0,0,1,0,7,672,881,26,3/21,33.88,7.86,25.84
Mohammad Shami,punjab,Bowler,73,11,69,21,6.27,73,94.52,0,0,5,2,15,1526,2241,68,3/15,32.95,8.81,22.44
Fabian Allen,punjab,Bowler,2,0,6,6,6,11,54.54,0,0,0,0,1,42,52,1,1/22,52,7.42,42
Arshdeep Singh,punjab,Bowler,17,2,2,1*,2,6,33.33,0,0,0,0,3,319,477,19,3/23,25.1,8.97,16.78
Mandeep Singh,punjab,Batsman,104,16,1659,77*,22.12,1335,124.26,0,6,170,37,36,30,49,1,1/23,49,9.8,30
Krishnappa Gowtham,punjab,Bowler,24,6,186,33*,14.3,110,169.09,0,0,13,12,10,408,562,13,2/12,43.23,8.26,31.38
Sarfaraz Khan,punjab,Batsman,38,9,441,67,25.94,315,140,0,1,50,11,4,2,6,0,0/0,-,18,-
Jimmy Neesham,punjab,Bowler,10,1,61,22,10.16,65,93.84,0,0,3,2,1,156,265,3,1/17,88.33,10.19,52
Karun Nair,punjab,Batsman,73,5,1480,83*,24.26,1153,128.36,0,10,160,39,22,0,0,0,0/0,-,-,-
Manoj Tiwary,punjab,Batsman,98,26,1695,75*,28.72,1449,116.97,0,7,156,40,45,42,83,1,1/11,83,11.85,42
Andrew Tye,punjab,Bowler,27,4,91,25,10.11,76,119.73,0,0,6,5,7,618,872,40,5/17,21.8,8.46,15.45
Hashim Amla,punjab,Batsman,16,3,577,104*,44.38,407,141.76,2,3,60,21,0,0,0,0,0/0,-,-,-
Shaun Marsh,punjab,Batsman,71,7,2477,115,39.95,1866,132.74,1,20,266,78,26,0,0,0,0/0,-,-,-
Mohit Sharma,punjab,Bowler,86,12,122,21*,8.13,117,104.27,0,0,8,4,18,1754,2470,92,4/14,26.84,8.44,19.06
Anureet Singh,punjab,Bowler,23,4,36,15,9,47,76.59,0,0,2,1,5,412,623,18,3/23,34.61,9.07,22.88
George Bailey,punjab,Batsman,40,10,663,61*,24.55,544,121.87,0,2,59,19,11,0,0,0,0/0,-,-,-
Virender Sehwag,punjab,Batsman,104,5,2728,122,27.55,1755,155.44,2,16,334,106,34,136,235,6,2/18,39.16,10.36,22.66
Rishi Dhawan,punjab,Batsman,26,10,153,25*,21.85,135,113.33,0,0,13,4,6,488,640,18,2/14,35.55,7.86,27.11
Thisara Perera,punjab,Bowler,37,8,422,40,19.18,307,137.45,0,0,23,26,12,698,1016,31,3/20,32.77,8.73,22.51
Karanveer Singh,punjab,Bowler,9,3,12,5*,12,17,70.58,0,0,1,0,2,204,321,12,4/1,26.75,9.44,17
Cheteshwar Pujara,punjab,Batsman,30,3,390,51,20.52,391,99.74,0,1,50,4,6,0,0,0,0/0,-,-,-
Adam Gilchrist,punjab,Batsman,80,4,2069,109*,27.22,1495,138.39,2,11,239,92,51,1,0,1,1/1,0,0,1
Azhar Mahmood,punjab,Batsman,23,2,388,80,20.42,303,128.05,0,2,39,13,8,537,700,29,3/20,24.13,7.82,18.51
Rajagopal Sathish,punjab,Bowler,34,8,270,27*,15.88,231,116.88,0,0,22,6,6,139,232,3,1/11,77.33,10.01,46.33
Luke Pomersbach,punjab,Batsman,17,5,302,79*,27.45,246,122.76,0,1,25,13,7,0,0,0,0/0,-,-,-
Manpreet Gony,punjab,Bowler,44,7,99,42,9.9,71,139.43,0,0,6,8,6,888,1287,37,3/31,34.78,8.69,24
Nitin Saini,punjab,Bowler,10,0,140,50,14,141,99.29,0,1,16,0,11,0,0,0,0/0,-,-,-
Siddharth Chitnis,punjab,Bowler,11,1,99,38,14.14,89,111.23,0,0,10,2,2,36,60,2,2/1,30,10,18
Paul Valthaty,punjab,Batsman,23,1,505,120*,22.95,418,120.81,1,2,61,20,3,151,205,7,4/29,29.28,8.14,21.57
Ryan McLaren,punjab,Bowler,18,5,159,51*,19.87,171,92.98,0,1,14,1,5,354,542,12,2/28,45.16,9.18,29.5
Sunny Singh,punjab,Bowler,6,1,43,20,10.75,31,138.7,0,0,6,1,1,0,0,0,0/0,-,-,-
Ryan Harris,punjab,Bowler,37,9,117,17,9.75,112,104.46,0,0,6,3,20,832,1047,45,4/1,23.26,7.55,18.48
Adrian Barath,punjab,Batsman,3,1,42,33,21,42,100,0,0,5,1,0,0,0,0,0/0,-,-,-
Shanthakumaran Sreesanth,punjab,Bowler,44,10,34,15*,8.5,55,61.81,0,0,6,0,3,880,1194,40,3/29,29.85,8.14,22
Simon Katich,punjab,Batsman,11,1,241,75,24.1,186,129.56,0,2,26,8,2,0,0,0,0/0,-,-,-
Karan Goel,punjab,Bowler,22,2,218,38,14.53,231,94.37,0,0,17,9,9,66,93,0,0/0,-,8.45,-
Wilkin Mota,punjab,Bowler,12,2,56,25,9.33,75,74.66,0,0,2,0,5,72,97,4,1/6,24.25,8.08,18
Ramesh Powar,punjab,Batsman,27,7,67,28*,22.33,64,104.68,0,0,6,1,5,426,527,13,2/11,40.53,7.42,32.76
Ramnaresh Sarwan,punjab,Bowler,4,0,73,31,18.25,75,97.33,0,0,6,1,1,0,0,0,0/0,-,-,-
Sanju Samson,rajasthan,Batsman,114,11,2861,119,28.89,2122,134.82,3,13,217,126,56,0,0,0,0/0,-,-,-
Jos Buttler,rajasthan,Batsman,65,8,1968,124,35.14,1312,150,1,11,194,90,34,0,0,0,0/0,-,-,-
Shivam Dube,rajasthan,Bowler,21,3,314,46,19.62,261,120.3,0,0,20,17,4,82,112,4,2/15,28,8.19,20.5
David Miller,rajasthan,Batsman,86,26,1952,101*,33.65,1413,138.14,1,10,137,90,52,0,0,0,0/0,-,-,-
Rahul Tewatia,rajasthan,Batsman,41,11,452,53,26.58,339,133.33,0,1,30,24,19,692,875,26,3/18,33.65,7.58,26.61
Riyan Parag,rajasthan,Batsman,26,3,324,50,20.25,257,126.07,0,1,29,12,12,126,201,3,1/7,67,9.57,42
Yashasvi Jaiswal,rajasthan,Bowler,6,0,106,34,17.66,94,112.76,0,0,11,4,2,0,0,0,0/0,-,-,-
Chris Morris,rajasthan,Batsman,77,23,599,82*,23.96,380,157.63,0,2,39,35,38,1630,2143,94,4/23,22.79,7.88,17.34
Manan Vohra,rajasthan,Batsman,53,2,1054,95,22.42,807,130.6,0,3,102,41,13,0,0,0,0/0,-,-,-
Jaydev Unadkat,rajasthan,Bowler,84,12,99,26,12.37,91,108.79,0,0,8,3,25,1740,2533,85,5/25,29.8,8.73,20.47
Shreyas Gopal,rajasthan,Bowler,47,7,171,24,13.15,161,106.21,0,0,17,2,11,925,1239,48,4/16,25.81,8.03,19.27
Ben Stokes,rajasthan,Batsman,43,6,920,107*,25.55,684,134.5,2,2,79,32,21,683,974,28,3/15,34.78,8.55,24.39
Robin Uthappa,rajasthan,Batsman,189,17,4607,87,27.92,3544,129.99,0,24,454,163,87,0,0,0,0/0,-,-,-
Jofra Archer,rajasthan,Bowler,35,10,195,27*,15,124,157.25,0,0,11,14,9,825,981,46,3/15,21.32,7.13,17.93
Mahipal Lomror,rajasthan,Bowler,7,1,87,47,17.4,78,111.53,0,0,5,3,1,18,27,0,0/0,-,9,-
Liam Livingstone,rajasthan,Batsman,4,1,71,44,23.66,48,147.91,0,0,6,5,4,6,13,0,0/0,-,13,-
Stuart Binny,rajasthan,Bowler,95,23,880,48*,19.55,683,128.84,0,0,66,35,19,594,758,22,2/14,34.45,7.65,27
D'Arcy Short,rajasthan,Bowler,7,0,115,44,16.42,99,116.16,0,0,11,5,2,18,19,1,1/10,19,6.33,18
Heinrich Klaasen,rajasthan,Bowler,7,1,66,32,13.2,57,115.78,0,0,5,1,3,0,0,0,0/0,-,-,-
Brad Hodge,rajasthan,Batsman,66,21,1400,73,33.33,1118,125.22,0,6,122,43,22,234,303,17,4/13,17.82,7.76,13.76
Abhishek Nayar,rajasthan,Bowler,60,12,672,45*,17.68,577,116.46,0,0,55,20,13,229,322,9,3/13,35.77,8.43,25.44
Kevon Cooper,rajasthan,Bowler,25,5,116,32,12.88,68,170.58,0,0,9,8,12,576,757,33,4/26,22.93,7.88,17.45
Dhawal Kulkarni,rajasthan,Bowler,92,15,100,28*,11.11,107,93.45,0,0,6,2,22,1787,2474,86,4/14,28.76,8.3,20.77
Rahul Dravid,rajasthan,Batsman,89,5,2174,75*,28.23,1882,115.51,0,11,269,28,18,0,0,0,0/0,-,-,-
Dishant Yagnik,rajasthan,Bowler,25,7,170,34,17,137,124.08,0,0,23,2,12,0,0,0,0/0,-,-,-
Owais Shah,rajasthan,Batsman,23,7,506,76,33.73,389,130.07,0,4,34,23,7,0,0,0,0/0,-,-,-
Ashok Menaria,rajasthan,Bowler,29,2,401,40,19.09,356,112.64,0,0,24,18,5,110,144,3,2/20,48,7.85,36.66
Abhishek Raut,rajasthan,Batsman,22,7,194,36*,21.55,167,116.16,0,0,13,7,10,42,57,0,0/0,-,8.14,-
Amit Paunikar,rajasthan,Bowler,5,0,49,20,9.8,58,84.48,0,0,9,0,1,0,0,0,0/0,-,-,-
Michael Lumb,rajasthan,Batsman,12,0,278,83,23.16,194,143.29,0,1,45,6,5,0,0,0,0/0,-,-,-
Abhishek Jhunjhunwala,rajasthan,Bowler,21,3,217,53*,16.69,210,103.33,0,1,19,5,10,85,129,1,1/13,129,9.1,85
Adam Voges,rajasthan,Batsman,9,3,181,45*,45.25,143,126.57,0,0,15,3,1,54,76,0,0/0,-,8.44,-
Faiz Fazal,rajasthan,Bowler,12,1,183,45,18.3,173,105.78,0,0,22,1,6,12,20,0,0/0,-,10,-
Paras Dogra,rajasthan,Bowler,13,1,127,41,11.54,138,92.02,0,0,4,5,4,0,0,0,0/0,-,-,-
Aditya Dole,rajasthan,Bowler,3,0,34,30,17,22,154.54,0,0,3,1,2,66,112,5,2/1,22.4,10.18,13.2
Shane Warne,rajasthan,Bowler,55,9,198,34*,9.9,214,92.52,0,0,14,6,16,1194,1447,57,4/21,25.38,7.27,20.94
Rob Quiney,rajasthan,Bowler,7,0,103,51,14.71,102,100.98,0,1,12,3,1,0,0,0,0/0,-,-,-
Swapnil Asnodkar,rajasthan,Batsman,20,0,423,60,21.15,339,124.77,0,2,56,10,7,0,0,0,0/0,-,-,-
Lee Carseldine,rajasthan,Batsman,5,1,81,39,20.25,68,119.11,0,0,11,0,4,6,6,1,1/6,6,6,6
Dimitri Mascarenhas,rajasthan,Bowler,13,2,79,27,8.77,78,101.28,0,0,5,1,3,308,356,19,5/25,18.73,6.93,16.21
Munaf Patel,rajasthan,Bowler,63,9,39,23*,6.5,41,95.12,0,0,5,0,14,1355,1698,74,5/21,22.94,7.51,18.31
Niraj Patel,rajasthan,Batsman,9,2,121,57,30.25,119,101.68,0,1,14,1,6,0,0,0,0/0,-,-,-
Mahesh Rawat,rajasthan,Bowler,18,7,55,23*,11,69,79.71,0,0,4,1,16,0,0,0,0/0,-,-,-
Tyron Henderson,rajasthan,Bowler,2,0,11,11,5.5,16,68.75,0,0,0,1,0,36,40,1,1/30,40,6.66,36
Kamran Akmal,rajasthan,Batsman,6,1,128,53*,25.6,78,164.1,0,1,13,8,5,0,0,0,0/0,-,-,-
Taruwar Kohli,rajasthan,Bowler,4,1,11,7,3.66,19,57.89,0,0,0,1,1,0,0,0,0/0,-,-,-
Sohail Tanvir,rajasthan,Bowler,11,2,36,13,12,29,124.13,0,0,3,1,4,247,266,22,6/14,12.09,6.46,11.22
